Loại câu hỏi,Metric,Flat RAG,GraphRAG,Nhận xét phân tích
cross-doc,Comprehensiveness,3.136,3.455,Hai phương pháp gần nhau.
cross-doc,Faithfulness,4.818,4.955,Hai phương pháp gần nhau.
cross-doc,Multi-hop reasoning,3.364,3.682,Hai phương pháp gần nhau.
cross-doc,Latency (s),7.597,6.555,GraphRAG không đắt hơn trong sample này.
cross-doc,Token usage,1725.045,1707.5,GraphRAG không đắt hơn trong sample này.
factoid,Comprehensiveness,2.0,2.6,Hai phương pháp gần nhau.
factoid,Faithfulness,5.0,5.0,Hai phương pháp gần nhau.
factoid,Multi-hop reasoning,2.6,3.2,Hai phương pháp gần nhau.
factoid,Latency (s),6.614,4.377,GraphRAG không đắt hơn trong sample này.
factoid,Token usage,1143.0,1077.8,GraphRAG không đắt hơn trong sample này.
multi-hop,Comprehensiveness,3.174,3.174,Hai phương pháp gần nhau.
multi-hop,Faithfulness,4.826,4.87,Hai phương pháp gần nhau.
multi-hop,Multi-hop reasoning,3.522,3.913,Hai phương pháp gần nhau.
multi-hop,Latency (s),7.414,8.367,Flat RAG thường rẻ/nhanh hơn.
multi-hop,Token usage,1725.696,1776.652,Flat RAG thường rẻ/nhanh hơn.
